qa_qu,جامعة قطر,Qatar University,Qatar,Doha,Public,https://www.qu.edu.qa,https://www.qu.edu.qa/admissions,https://www.qu.edu.qa/programs,QS,,—
qa_udst,جامعة الدوحة للعلوم والتكنولوجيا,University of Doha for Science and Technology,Qatar,Doha,Public,https://www.udst.edu.qa,https://www.udst.edu.qa/admissions,https://www.udst.edu.qa/academics,,,
qa_hbku,جامعة حمد بن خليفة,Hamad Bin Khalifa University,Qatar,Doha,Public,https://www.hbku.edu.qa,https://www.hbku.edu.qa/en/admissions,https://www.hbku.edu.qa/en/academics,,,
qa_dohainst,معهد الدوحة للدراسات العليا,Doha Institute for Graduate Studies,Qatar,Doha,Public,https://www.dohainstitute.edu.qa,https://www.dohainstitute.edu.qa/en/Admissions,https://www.dohainstitute.edu.qa/en/Academics,,,
qa_cmu,جامعة كارنيجي ميلون في قطر,Carnegie Mellon University Qatar,Qatar,Doha,Private,https://www.qatar.cmu.edu,https://www.qatar.cmu.edu/admissions,https://www.qatar.cmu.edu/academics,,,
qa_georgetown,جامعة جورجتاون في قطر,Georgetown University Qatar,Qatar,Doha,Private,https://www.qatar.georgetown.edu,https://www.qatar.georgetown.edu/admissions,https://www.qatar.georgetown.edu/academics,,,
qa_northwestern,جامعة نورثويسترن في قطر,Northwestern University in Qatar,Qatar,Doha,Private,https://www.qatar.northwestern.edu,https://www.qatar.northwestern.edu/admissions,https://www.qatar.northwestern.edu/academics,,,
qa_weillcornell,وايل كورنيل للطب في قطر,Weill Cornell Medicine Qatar,Qatar,Doha,Private,https://qatar-weill.cornell.edu,https://qatar-weill.cornell.edu/admissions,https://qatar-weill.cornell.edu/education,,,
qa_tamuq,جامعة تكساس إي أند أم في قطر,Texas A&M University at Qatar,Qatar,Doha,Private,https://www.qatar.tamu.edu,https://www.qatar.tamu.edu/admissions,https://www.qatar.tamu.edu/academics,,,
qa_vcuarts,جامعة فرجينيا كومنولث كلية فنون التصميم في قطر,VCUarts Qatar,Qatar,Doha,Private,https://qatar.vcu.edu,https://qatar.vcu.edu/admissions,https://qatar.vcu.edu/academics,,,
qa_lusail,جامعة لوسيل,Lusail University,Qatar,Lusail,Private,https://www.lu.edu.qa,https://www.lu.edu.qa/admission,https://www.lu.edu.qa/colleges,,,
sa_ksu,جامعة الملك سعود,King Saud University,Saudi Arabia,Riyadh,Public,https://www.ksu.edu.sa,https://admissions.ksu.edu.sa,https://www.ksu.edu.sa/colleges,QS,,—
sa_kau,جامعة الملك عبدالعزيز,King Abdulaziz University,Saudi Arabia,Jeddah,Public,https://www.kau.edu.sa,https://admissions.kau.edu.sa,https://www.kau.edu.sa/colleges,QS,,—
sa_kfupm,جامعة الملك فهد للبترول والمعادن,King Fahd University of Petroleum & Minerals,Saudi Arabia,Dhahran,Public,https://www.kfupm.edu.sa,https://admissions.kfupm.edu.sa,https://www.kfupm.edu.sa/academics,QS,,—
sa_iau,جامعة الإمام عبدالرحمن بن فيصل,Imam Abdulrahman Bin Faisal University,Saudi Arabia,Dammam,Public,https://www.iau.edu.sa,https://admission.iau.edu.sa,https://www.iau.edu.sa/colleges,,,
sa_imamu,جامعة الإمام محمد بن سعود,Imam Mohammad Ibn Saud Islamic University,Saudi Arabia,Riyadh,Public,https://www.imamu.edu.sa,https://admission.imamu.edu.sa,https://www.imamu.edu.sa/colleges,,,
sa_umq,جامعة أم القرى,Umm Al-Qura University,Saudi Arabia,Makkah,Public,https://uqu.edu.sa,https://uqu.edu.sa/admission,https://uqu.edu.sa/colleges,,,
sa_taibah,جامعة طيبة,Taibah University,Saudi Arabia,Madinah,Public,https://www.taibahu.edu.sa,https://www.taibahu.edu.sa/admission,https://www.taibahu.edu.sa/colleges,,,
sa_psu,جامعة الأمير سلطان,Prince Sultan University,Saudi Arabia,Riyadh,Private,https://www.psu.edu.sa,https://www.psu.edu.sa/admissions,https://www.psu.edu.sa/academics,,,
sa_alfaisal,جامعة الفيصل,Alfaisal University,Saudi Arabia,Riyadh,Private,https://www.alfaisal.edu,https://www.alfaisal.edu/admissions,https://www.alfaisal.edu/academics,,,
sa_effat,جامعة عفت,Effat University,Saudi Arabia,Jeddah,Private,https://www.effatuniversity.edu.sa,https://www.effatuniversity.edu.sa/admissions,https://www.effatuniversity.edu.sa/academics,,,
ae_uaeu,جامعة الإمارات العربية المتحدة,United Arab Emirates University,UAE,Al Ain,Public,https://www.uaeu.ac.ae,https://www.uaeu.ac.ae/en/admission,https://www.uaeu.ac.ae/en/programs,QS,,—
ae_ku,جامعة خليفة,Khalifa University,UAE,Abu Dhabi,Public,https://www.ku.ac.ae,https://www.ku.ac.ae/admissions,https://www.ku.ac.ae/academics,QS,,—
ae_zu,جامعة زايد,Zayed University,UAE,Abu Dhabi / Dubai,Public,https://www.zu.ac.ae,https://www.zu.ac.ae/main/en/admissions,https://www.zu.ac.ae/main/en/programs,,,
ae_hct,كليات التقنية العليا,Higher Colleges of Technology,UAE,Multiple (UAE),Public,https://hct.ac.ae,https://hct.ac.ae/en/students/admissions/,https://hct.ac.ae/en/academics/,,,
ae_aus,الجامعة الأمريكية في الشارقة,American University of Sharjah,UAE,Sharjah,Private,https://www.aus.edu,https://www.aus.edu/admissions,https://www.aus.edu/academics,,,
ae_ud,جامعة دبي,University of Dubai,UAE,Dubai,Private,https://ud.ac.ae,https://ud.ac.ae/how-to-apply/,https://ud.ac.ae, ,,
ae_aue,الجامعة الأمريكية في الإمارات,American University in the Emirates,UAE,Dubai,Private,https://aue.ae,,, ,,
ae_aurak,الجامعة الأمريكية في رأس الخيمة,American University of Ras Al Khaimah,UAE,Ras Al Khaimah,Private,https://aurak.ac.ae,,, ,,
ae_buid,الجامعة البريطانية في دبي,British University in Dubai,UAE,Dubai,Private,https://www.buid.ac.ae,,, ,,
ae_amity,جامعة أميتي دبي,Amity University Dubai,UAE,Dubai,Private,https://amityuniversity.ae,,, ,,

kw_ku,جامعة الكويت,Kuwait University,Kuwait,Kuwait City,Public,https://www.ku.edu.kw,https://www.ku.edu.kw/admission,https://www.ku.edu.kw/academics,,,
kw_paaet,الهيئة العامة للتعليم التطبيقي والتدريب,Public Authority for Applied Education and Training,Kuwait,Kuwait City,Public,https://www.paaet.edu.kw,https://www.paaet.edu.kw/admission,https://www.paaet.edu.kw/colleges,,,
kw_aum,الجامعة الأمريكية في الشرق الأوسط,American University of the Middle East,Kuwait,Egaila,Private,https://www.aum.edu.kw,https://www.aum.edu.kw/admissions,https://www.aum.edu.kw/academics,,,
kw_auk,الجامعة الأمريكية في الكويت,American University of Kuwait,Kuwait,Salmiya,Private,https://www.auk.edu.kw,https://www.auk.edu.kw/admissions,https://www.auk.edu.kw/academics,,,
kw_gust,جامعة الخليج للعلوم والتكنولوجيا,Gulf University for Science and Technology,Kuwait,Mishref,Private,https://www.gust.edu.kw,https://www.gust.edu.kw/admissions,https://www.gust.edu.kw/academics,,,
kw_ack,الكلية الأسترالية في الكويت,Australian College of Kuwait,Kuwait,Mishref,Private,https://www.ack.edu.kw,https://www.ack.edu.kw/admissions,https://www.ack.edu.kw/programs,,,
kw_kuniv,جامعة الكويت الدولية,Kuwait International University,Kuwait,Kuwait City,Private,https://www.kiu.edu.kw,,,,
kw_acm,كلية الكويت للعلوم والتكنولوجيا,Kuwait College of Science and Technology,Kuwait,Doha,Public,https://www.kcst.edu.kw,https://www.kcst.edu.kw/admission,https://www.kcst.edu.kw/academics,,,

bh_uob,جامعة البحرين,University of Bahrain,Bahrain,Sakhir,Public,https://www.uob.edu.bh,https://www.uob.edu.bh/admission,https://www.uob.edu.bh/colleges,,,
bh_poly,بوليتكنك البحرين,Bahrain Polytechnic,Bahrain,Isa Town,Public,https://www.polytechnic.bh,https://www.polytechnic.bh/admissions,https://www.polytechnic.bh/programmes,,,
bh_auk,الجامعة العربية المفتوحة – البحرين,Arab Open University Bahrain,Bahrain,Manama,Private,https://www.aou.org.bh,https://www.aou.org.bh/admissions,https://www.aou.org.bh/programs,,,
bh_ama,جامعة AMA الدولية,AMA International University Bahrain,Bahrain,Salmaniya,Private,https://www.amaiu.edu.bh,https://www.amaiu.edu.bh/admission,https://www.amaiu.edu.bh/academics,,,
bh_rcsi,كلية الطب الملكية للجراحين في البحرين,RCSI Medical University of Bahrain,Bahrain,Busaiteen,Private,https://www.rcsi.com/bahrain,https://www.rcsi.com/bahrain/admissions,https://www.rcsi.com/bahrain/programmes,,,
bh_apu,جامعة آسيا باسيفيك البحرين,Applied Science University Bahrain,Bahrain,Isa Town,Private,https://www.asu.edu.bh,https://www.asu.edu.bh/admission,https://www.asu.edu.bh/academics,,,
bh_gibs,كلية الخليج لإدارة الأعمال,Gulf International Business School,Bahrain,Manama,Private,https://www.gibs.edu.bh,,,,

# -------- University of Bahrain --------
bh_uob_bsc_cs,bh_uob,Bachelor,BSc,Computer Science,Computer Science,علوم الحاسب,Sakhir,English,4,Varies,High school + Math,https://www.uob.edu.bh
bh_uob_bsc_ai,bh_uob,Bachelor,BSc,Artificial Intelligence,Artificial Intelligence,الذكاء الاصطناعي,Sakhir,English,4,Varies,High school + Math,https://www.uob.edu.bh
bh_uob_bsc_cyber,bh_uob,Bachelor,BSc,Cybersecurity,Cybersecurity,الأمن السيبراني,Sakhir,English,4,Varies,High school + Math,https://www.uob.edu.bh
bh_uob_beng,bh_uob,Bachelor,BEng,Engineering,Engineering,الهندسة,Sakhir,English,4,Varies,High school + Math/Physics,https://www.uob.edu.bh
bh_uob_md,bh_uob,Bachelor,MD,Medicine,Medicine,الطب,Sakhir,English,6,Varies,High school + aptitude,https://www.uob.edu.bh
bh_uob_msc_it,bh_uob,Master,MSc,Information Technology,Information Technology,تقنية المعلومات,Sakhir,English,2,Varies,Bachelor degree,https://www.uob.edu.bh
bh_uob_mba,bh_uob,Master,MBA,Business Administration,MBA,MBA إدارة الأعمال,Sakhir,English,2,Varies,Bachelor degree,https://www.uob.edu.bh
bh_uob_phd_eng,bh_uob,PhD,PhD,Engineering,PhD Engineering,دكتوراه الهندسة,Sakhir,English,4,Varies,Master degree,https://www.uob.edu.bh

# -------- Bahrain Polytechnic --------
bh_poly_dip_it,bh_poly,Diploma,Diploma,Information Technology,IT Diploma,دبلوم تقنية المعلومات,Isa Town,English,2,Varies,High school,https://www.polytechnic.bh
bh_poly_dip_bus,bh_poly,Diploma,Diploma,Business,Business Diploma,دبلوم إدارة الأعمال,Isa Town,English,2,Varies,High school,https://www.polytechnic.bh
bh_poly_bsc_eng,bh_poly,Bachelor,BSc,Engineering,Applied Engineering,الهندسة التطبيقية,Isa Town,English,4,Varies,High school + Math,https://www.polytechnic.bh

# -------- Arab Open University Bahrain --------
bh_auk_bsc_it,bh_auk,Bachelor,BSc,Information Technology,Information Technology,تقنية المعلومات,Manama,English,4,Varies,High school,https://www.aou.org.bh
bh_auk_bba,bh_auk,Bachelor,BBA,Business Administration,Business Administration,إدارة الأعمال,Manama,English,4,Varies,High school,https://www.aou.org.bh
bh_auk_mba,bh_auk,Master,MBA,Business Administration,MBA,MBA إدارة الأعمال,Manama,English,2,Varies,Bachelor degree,https://www.aou.org.bh

# -------- AMA International University --------
bh_ama_bsc_cs,bh_ama,Bachelor,BSc,Computer Science,Computer Science,علوم الحاسب,Salmaniya,English,4,Varies,High school + Math,https://www.amaiu.edu.bh
bh_ama_bba,bh_ama,Bachelor,BBA,Business Administration,Business Administration,إدارة الأعمال,Salmaniya,English,4,Varies,High school,https://www.amaiu.edu.bh
bh_ama_mba,bh_ama,Master,MBA,Business Administration,MBA,MBA إدارة الأعمال,Salmaniya,English,2,Varies,Bachelor degree,https://www.amaiu.edu.bh

# -------- RCSI Bahrain (Medicine) --------
bh_rcsi_md,bh_rcsi,Bachelor,MD,Medicine,Medicine,الطب,Busaiteen,English,6,Varies,High school + aptitude,https://www.rcsi.com/bahrain
bh_rcsi_msc_health,bh_rcsi,Master,MSc,Health Sciences,Health Sciences,العلوم الصحية,Busaiteen,English,2,Varies,Bachelor degree,https://www.rcsi.com/bahrain

om_squ,جامعة السلطان قابوس,Sultan Qaboos University,Oman,Muscat,Public,https://www.squ.edu.om,https://www.squ.edu.om/admissions,https://www.squ.edu.om/academics,,,
om_gutech,الجامعة الألمانية للتكنولوجيا في عُمان,German University of Technology Oman,Oman,Muscat,Private,https://www.gutech.edu.om,https://www.gutech.edu.om/admissions,https://www.gutech.edu.om/programs,,,
om_ut,جامعة التقنية والعلوم التطبيقية,University of Technology and Applied Sciences,Oman,Multiple (Oman),Public,https://www.ut.edu.om,https://www.ut.edu.om/admission,https://www.ut.edu.om/academics,,,
om_nust,الجامعة الوطنية للعلوم والتكنولوجيا,National University of Science and Technology,Oman,Muscat,Public,https://www.nust.edu.om,https://www.nust.edu.om/admission,https://www.nust.edu.om/academics,,,
om_smc,كلية الشرق الأوسط,Middle East College,Oman,Muscat,Private,https://www.mec.edu.om,https://www.mec.edu.om/admissions,https://www.mec.edu.om/programmes,,,
om_aou,الجامعة العربية المفتوحة – عُمان,Arab Open University Oman,Oman,Muscat,Private,https://www.aou.edu.om,https://www.aou.edu.om/admissions,https://www.aou.edu.om/programs,,,
